--Команда для скидання паролю до db in mysql
set password for root@localhost='';

-- Скрипт бази даних
CREATE DATABASE db;
USE db;

-- Структура таблиці `sensors`
CREATE TABLE `sensors` (
  `Number` int(11) NOT NULL,
  `Id` int(11) DEFAULT NULL,
  `Value` int(11) DEFAULT NULL,
  `cdate` date NOT NULL,
  `UserId` int(11) NOT NULL
) ENGINE=InnoDB DEFAULT CHARSET=utf8 COLLATE=utf8_bin;

-- Індекси таблиці `sensors`
ALTER TABLE `sensors`
  ADD PRIMARY KEY (`Number`),
  ADD KEY `UserId` (`UserId`);

-- AUTO_INCREMENT для таблиці `sensors`
  ALTER TABLE `sensors`
  MODIFY `Number` int(11) NOT NULL AUTO_INCREMENT, AUTO_INCREMENT=1;

-- Дамп данних таблиці `sensors`
INSERT INTO `sensors` (`Id`, `Value`, `cdate`, `UserId`) VALUES
(1, 8, '2021-01-22', 1),
(1, 7, '2021-01-22', 1),
(1, 1, '2021-01-22', 1),
(1, 11, '2021-01-22', 1),
(1, 5, '2021-01-22', 1),
(1, 7, '2021-01-22', 1),
(1, 11, '2021-01-22', 1),
(1, 10, '2021-02-22', 1),
(1, 11, '2021-02-22', 1),
(1, 11, '2021-02-22', 1),
(1, 11, '2021-02-22', 1),
(1, 10, '2021-02-22', 1),
(1, 11, '2021-02-22', 1),
(1, 10, '2021-02-22', 1),
(1, 11, '2021-03-22', 1),
(1, 11, '2021-03-22', 1),
(1, 10, '2021-03-22', 1),
(1, 16, '2021-03-22', 1),
(1, 10, '2021-03-22', 1),
(1, 11, '2021-03-22', 1),
(1, 11, '2021-03-22', 1),
(1, 5, '2021-04-22', 1),
(1, 10, '2021-04-22', 1),
(1, 11, '2021-04-22', 1),
(1, 11, '2021-04-22', 1),
(1, 10, '2021-04-22', 1),
(1, 11, '2021-04-22', 1),
(1, 11, '2021-04-22', 1),
(1, 10, '2021-05-22', 1),
(1, 11, '2021-05-22', 1),
(1, 5, '2021-05-22', 1),
(1, 8, '2021-05-22', 1),
(1, 11, '2021-05-22', 1),
(1, 10, '2021-05-22', 1),
(1, 11, '2021-05-22', 1),
(1, 11, '2021-06-22', 1),
(1, 10, '2021-06-22', 1),
(1, 11, '2021-06-22', 1),
(1, 10, '2021-06-22', 1),
(1, 10, '2021-06-22', 1),
(1, 11, '2021-06-22', 1),
(1, 5, '2021-06-22', 1),
(1, 10, '2021-07-22', 1),
(1, 11, '2021-07-22', 1),
(1, 11, '2021-07-22', 1),
(1, 10, '2021-07-22', 1),
(1, 11, '2021-07-22', 1),
(1, 2, '2021-07-24', 1),
(1, 6, '2021-07-24', 1),
(1, 7, '2021-08-24', 1),
(1, 5, '2021-08-24', 1),
(1, 1, '2021-08-24', 1),
(1, 6, '2021-08-24', 1),
(1, 4, '2021-08-24', 1),
(1, 8, '2021-08-24', 1),
(1, 1, '2021-08-24', 1),
(1, 9, '2021-09-24', 1),
(1, 1, '2021-09-24', 1),
(1, 1, '2021-09-24', 1),
(1, 7, '2021-09-24', 1),
(1, 1, '2021-09-24', 1),
(1, 4, '2021-09-24', 1),
(1, 7, '2021-09-24', 1),
(1, 3, '2021-10-24', 1),
(1, 10, '2021-10-24', 1),
(1, 10, '2021-10-24', 1),
(1, 13, '2021-10-24', 1),
(1, 11, '2021-10-24', 1),
(1, 10, '2021-10-24', 1),
(1, 11, '2021-10-24', 1),
(1, 10, '2021-11-24', 1),
(1, 11, '2021-11-24', 1),
(1, 10, '2021-11-24', 1),
(1, 10, '2021-11-24', 1),
(1, 11, '2021-11-24', 1),
(1, 10, '2021-11-24', 1),
(1, 11, '2021-11-24', 1),
(1, 10, '2021-12-24', 1),
(1, 11, '2021-12-24', 1),
(1, 10, '2021-12-24', 1),
(1, 8, '2021-12-24', 1),
(1, 5, '2021-12-24', 1),
(1, 10, '2021-12-24', 1),
(1, 5, '2021-12-24', 1),
(1, 9, '2021-12-24', 1),
(1, 11, '2021-12-24', 1),
(1, 10, '2021-12-24', 1),
(1, 10, '2021-12-24', 1),
(1, 8, '2021-01-22', 2),
(1, 7, '2021-01-22', 2),
(1, 1, '2021-01-22', 2),
(1, 11, '2021-01-22', 2),
(1, 5, '2021-01-22', 2),
(1, 7, '2021-01-22', 2),
(1, 11, '2021-01-22', 2),
(1, 10, '2021-02-22', 2),
(1, 11, '2021-02-22', 2),
(1, 11, '2021-02-22', 2),
(1, 11, '2021-02-22', 2),
(1, 10, '2021-02-22', 2),
(1, 11, '2021-02-22', 2),
(1, 10, '2021-02-22', 2),
(1, 11, '2021-03-22', 2),
(1, 11, '2021-03-22', 2),
(1, 10, '2021-03-22', 2),
(1, 16, '2021-03-22', 2),
(1, 10, '2021-03-22', 2),
(1, 11, '2021-03-22', 2),
(1, 11, '2021-03-22', 2),
(1, 5, '2021-04-22', 2),
(1, 10, '2021-04-22', 2),
(1, 11, '2021-04-22', 2),
(1, 11, '2021-04-22', 2),
(1, 10, '2021-04-22', 2),
(1, 11, '2021-04-22', 2),
(1, 11, '2021-04-22', 2),
(1, 10, '2021-05-22', 2),
(1, 11, '2021-05-22', 2),
(1, 5, '2021-05-22', 2),
(1, 8, '2021-05-22', 2),
(1, 11, '2021-05-22', 2),
(1, 10, '2021-05-22', 2),
(1, 11, '2021-05-22', 2),
(1, 11, '2021-06-22', 2),
(1, 10, '2021-06-22', 2),
(1, 11, '2021-06-22', 2),
(1, 10, '2021-06-22', 2),
(1, 10, '2021-06-22', 2),
(1, 11, '2021-06-22', 2),
(1, 5, '2021-06-22', 2),
(1, 10, '2021-07-22', 2),
(1, 11, '2021-07-22', 2),
(1, 11, '2021-07-22', 2),
(1, 10, '2021-07-22', 2),
(1, 11, '2021-07-22', 2),
(1, 2, '2021-07-24', 2),
(1, 6, '2021-07-24', 2),
(1, 7, '2021-08-24', 2),
(1, 5, '2021-08-24', 2),
(1, 1, '2021-08-24', 2),
(1, 6, '2021-08-24', 2),
(1, 4, '2021-08-24', 2),
(1, 8, '2021-08-24', 2),
(1, 1, '2021-08-24', 2),
(1, 9, '2021-09-24', 2),
(1, 1, '2021-09-24', 2),
(1, 1, '2021-09-24', 2),
(1, 7, '2021-09-24', 2),
(1, 1, '2021-09-24', 2),
(1, 4, '2021-09-24', 2),
(1, 7, '2021-09-24', 2),
(1, 3, '2021-10-24', 2),
(1, 10, '2021-10-24', 2),
(1, 10, '2021-10-24', 2),
(1, 13, '2021-10-24', 2),
(1, 11, '2021-10-24', 2),
(1, 10, '2021-10-24', 2),
(1, 11, '2021-10-24', 2),
(1, 10, '2021-11-24', 2),
(1, 11, '2021-11-24', 2),
(1, 10, '2021-11-24', 2),
(1, 10, '2021-11-24', 2),
(1, 11, '2021-11-24', 2),
(1, 10, '2021-11-24', 2),
(1, 11, '2021-11-24', 2),
(1, 10, '2021-12-24', 2),
(1, 11, '2021-12-24', 2),
(1, 10, '2021-12-24', 2),
(1, 8, '2021-12-24', 2),
(1, 5, '2021-12-24', 2),
(1, 10, '2021-12-24', 2),
(1, 5, '2021-12-24', 2),
(1, 9, '2021-12-24', 2),
(1, 11, '2021-12-24', 2),
(1, 10, '2021-12-24', 2),
(1, 10, '2021-12-24', 2),
(1, 8, '2021-01-22', 3),
(1, 7, '2021-01-22', 3),
(1, 1, '2021-01-22', 3),
(1, 11, '2021-01-22', 3),
(1, 5, '2021-01-22', 3),
(1, 7, '2021-01-22', 3),
(1, 11, '2021-01-22', 3),
(1, 10, '2021-02-22', 3),
(1, 11, '2021-02-22', 3),
(1, 11, '2021-02-22', 3),
(1, 11, '2021-02-22', 3),
(1, 10, '2021-02-22', 3),
(1, 11, '2021-02-22', 3),
(1, 10, '2021-02-22', 3),
(1, 11, '2021-03-22', 3),
(1, 11, '2021-03-22', 3),
(1, 10, '2021-03-22', 3),
(1, 16, '2021-03-22', 3),
(1, 10, '2021-03-22', 3),
(1, 11, '2021-03-22', 3),
(1, 11, '2021-03-22', 3),
(1, 5, '2021-04-22', 3),
(1, 10, '2021-04-22', 3),
(1, 11, '2021-04-22', 3),
(1, 11, '2021-04-22', 3),
(1, 10, '2021-04-22', 3),
(1, 11, '2021-04-22', 3),
(1, 11, '2021-04-22', 3),
(1, 10, '2021-05-22', 3),
(1, 11, '2021-05-22', 3),
(1, 5, '2021-05-22', 3),
(1, 8, '2021-05-22', 3),
(1, 11, '2021-05-22', 3),
(1, 10, '2021-05-22', 3),
(1, 11, '2021-05-22', 3),
(1, 11, '2021-06-22', 3),
(1, 10, '2021-06-22', 3),
(1, 11, '2021-06-22', 3),
(1, 10, '2021-06-22', 3),
(1, 10, '2021-06-22', 3),
(1, 11, '2021-06-22', 3),
(1, 5, '2021-06-22', 3),
(1, 10, '2021-07-22', 3),
(1, 11, '2021-07-22', 3),
(1, 11, '2021-07-22', 3),
(1, 10, '2021-07-22', 3),
(1, 11, '2021-07-22', 3),
(1, 2, '2021-07-24', 3),
(1, 6, '2021-07-24', 3),
(1, 7, '2021-08-24', 3),
(1, 5, '2021-08-24', 3),
(1, 1, '2021-08-24', 3),
(1, 6, '2021-08-24', 3),
(1, 4, '2021-08-24', 3),
(1, 8, '2021-08-24', 3),
(1, 1, '2021-08-24', 3),
(1, 9, '2021-09-24', 3),
(1, 1, '2021-09-24', 3),
(1, 1, '2021-09-24', 3),
(1, 7, '2021-09-24', 3),
(1, 1, '2021-09-24', 3),
(1, 4, '2021-09-24', 3),
(1, 7, '2021-09-24', 3),
(1, 3, '2021-10-24', 3),
(1, 10, '2021-10-24', 3),
(1, 10, '2021-10-24', 3),
(1, 13, '2021-10-24', 3),
(1, 11, '2021-10-24', 3),
(1, 10, '2021-10-24', 3),
(1, 11, '2021-10-24', 3),
(1, 10, '2021-11-24', 3),
(1, 11, '2021-11-24', 3),
(1, 10, '2021-11-24', 3),
(1, 10, '2021-11-24', 3),
(1, 11, '2021-11-24', 3),
(1, 10, '2021-11-24', 3),
(1, 11, '2021-11-24', 3),
(1, 10, '2021-12-24', 3),
(1, 11, '2021-12-24', 3),
(1, 10, '2021-12-24', 3),
(1, 8, '2021-12-24', 3),
(1, 5, '2021-12-24', 3),
(1, 10, '2021-12-24', 3),
(1, 5, '2021-12-24', 3),
(1, 9, '2021-12-24', 3),
(1, 11, '2021-12-24', 3),
(1, 10, '2021-12-24', 3),
(1, 10, '2021-12-24', 3),
(1, 8, '2021-01-22', 4),
(1, 7, '2021-01-22', 4),
(1, 1, '2021-01-22', 4),
(1, 11, '2021-01-22', 4),
(1, 5, '2021-01-22', 4),
(1, 7, '2021-01-22', 4),
(1, 11, '2021-01-22', 4),
(1, 10, '2021-02-22', 4),
(1, 11, '2021-02-22', 4),
(1, 11, '2021-02-22', 4),
(1, 11, '2021-02-22', 4),
(1, 10, '2021-02-22', 4),
(1, 11, '2021-02-22', 4),
(1, 10, '2021-02-22', 4),
(1, 11, '2021-03-22', 4),
(1, 11, '2021-03-22', 4),
(1, 10, '2021-03-22', 4),
(1, 16, '2021-03-22', 4),
(1, 10, '2021-03-22', 4),
(1, 11, '2021-03-22', 4),
(1, 11, '2021-03-22', 4),
(1, 5, '2021-04-22', 4),
(1, 10, '2021-04-22', 4),
(1, 11, '2021-04-22', 4),
(1, 11, '2021-04-22', 4),
(1, 10, '2021-04-22', 4),
(1, 11, '2021-04-22', 4),
(1, 11, '2021-04-22', 4),
(1, 10, '2021-05-22', 4),
(1, 11, '2021-05-22', 4),
(1, 5, '2021-05-22', 4),
(1, 8, '2021-05-22', 4),
(1, 11, '2021-05-22', 4),
(1, 10, '2021-05-22', 4),
(1, 11, '2021-05-22', 4),
(1, 11, '2021-06-22', 4),
(1, 10, '2021-06-22', 4),
(1, 11, '2021-06-22', 4),
(1, 10, '2021-06-22', 4),
(1, 10, '2021-06-22', 4),
(1, 11, '2021-06-22', 4),
(1, 5, '2021-06-22', 4),
(1, 10, '2021-07-22', 4),
(1, 11, '2021-07-22', 4),
(1, 11, '2021-07-22', 4),
(1, 10, '2021-07-22', 4),
(1, 11, '2021-07-22', 4),
(1, 2, '2021-07-24', 4),
(1, 6, '2021-07-24', 4),
(1, 7, '2021-08-24', 4),
(1, 5, '2021-08-24', 4),
(1, 1, '2021-08-24', 4),
(1, 6, '2021-08-24', 4),
(1, 4, '2021-08-24', 4),
(1, 8, '2021-08-24', 4),
(1, 1, '2021-08-24', 4),
(1, 9, '2021-09-24', 4),
(1, 1, '2021-09-24', 4),
(1, 1, '2021-09-24', 4),
(1, 7, '2021-09-24', 4),
(1, 1, '2021-09-24', 4),
(1, 4, '2021-09-24', 4),
(1, 7, '2021-09-24', 4),
(1, 3, '2021-10-24', 4),
(1, 10, '2021-10-24', 4),
(1, 10, '2021-10-24', 4),
(1, 13, '2021-10-24', 4),
(1, 11, '2021-10-24', 4),
(1, 10, '2021-10-24', 4),
(1, 11, '2021-10-24', 4),
(1, 10, '2021-11-24', 4),
(1, 11, '2021-11-24', 4),
(1, 10, '2021-11-24', 4),
(1, 10, '2021-11-24', 4),
(1, 11, '2021-11-24', 4),
(1, 10, '2021-11-24', 4),
(1, 11, '2021-11-24', 4),
(1, 10, '2021-12-24', 4),
(1, 11, '2021-12-24', 4),
(1, 10, '2021-12-24', 4),
(1, 8, '2021-12-24', 4),
(1, 5, '2021-12-24', 4),
(1, 10, '2021-12-24', 4),
(1, 5, '2021-12-24', 4),
(1, 9, '2021-12-24', 4),
(1, 11, '2021-12-24', 4),
(1, 10, '2021-12-24', 4),
(1, 10, '2021-12-24', 4);

-- Структура таблиці `users`
CREATE TABLE `users` (
  `UserId` int(11) NOT NULL,
  `FirstName` varchar(50) COLLATE utf8_bin NOT NULL,
  `LastName` varchar(50) COLLATE utf8_bin NOT NULL,
  `Email` varchar(50) COLLATE utf8_bin NOT NULL,
  `Phone` varchar(50) COLLATE utf8_bin NOT NULL,
  `username` varchar(50) COLLATE utf8_bin NOT NULL,
  `passcode` varchar(50) COLLATE utf8_bin NOT NULL,
  `RoleId` int(11) NOT NULL
) ENGINE=InnoDB DEFAULT CHARSET=utf8 COLLATE=utf8_bin;

-- Індекси таблиці `users`
ALTER TABLE `users`
  ADD PRIMARY KEY (`UserId`);

-- Дамп данних таблиці `users`
-- Також дамп данних можна робити через форму реєстраціїї
INSERT INTO `users` (`UserId`, `FirstName`, `LastName`, `Email`, `Phone`, `username`, `passcode`, 
  `RoleId`) VALUES
(1, 'Юрій', 'Рубель', 'yura1999rubel@gmail.com', '380689173538', 
'JleA91MvYHdEdnj3KYHmog==', 'lUXz4nvv4zKxM/0uB+tlUQ==', 1),
(2, 'Іван', 'Хамар', 'wood_border@gmail.com', '380681367546', 
  '7e1TR/c521HuP2wX0wTbrA==', 'lUXz4nvv4zKxM/0uB+tlUQ==', 1),
(3, 'Михайло', 'Піховський', 'stepan_inodiMisha@gmail.com', '380671323531', 
  'uaQgDS5nVHd3Y5A8l8hUDQ==', 'lUXz4nvv4zKxM/0uB+tlUQ==', 2),
(4, 'Ярослав', 'Назарко', 'samurai2000senapay@gmail.com', '380931367546', 
  'jsDvJiPWkX1M1jG9etkCCQ==', 'lUXz4nvv4zKxM/0uB+tlUQ==', 3);

-- AUTO_INCREMENT для таблиці `users`
ALTER TABLE `users`
  MODIFY `UserId` int(11) NOT NULL AUTO_INCREMENT, AUTO_INCREMENT=5;

-- Обмеження зовнішнього ключа таблиці `sensors`
ALTER TABLE `sensors`
  ADD CONSTRAINT `sensors_ibfk_1` FOREIGN KEY (`UserId`) REFERENCES `users` (`UserId`);
COMMIT;

-- Структура таблиці `role`
CREATE TABLE `role` (
  `RoleId` int(11) NOT NULL,
  `RoleName` varchar(50) COLLATE utf8_bin NOT NULL
) ENGINE=InnoDB DEFAULT CHARSET=utf8 COLLATE=utf8_bin;

-- Індекси таблиці `users`
ALTER TABLE `role`
  ADD PRIMARY KEY (`RoleId`);
  
-- Дамп данних таблиці `role`
INSERT INTO `role` (`RoleId`, `RoleName`) VALUES
(1, 'Admin'),
(2, 'Manager'),
(3, 'User');

-- AUTO_INCREMENT для таблиці `users`
ALTER TABLE `role`
  MODIFY `RoleId` int(11) NOT NULL AUTO_INCREMENT, AUTO_INCREMENT=4;

-- Обмеження зовнішнього ключа таблиці `users`
ALTER TABLE `users`
  ADD CONSTRAINT `users_ibfk_1` FOREIGN KEY (`RoleId`) REFERENCES `role` (`RoleId`);
COMMIT;